lat,lon,Name,Address,City,County,State,Zip,Type,Type.Detailed,ICE.Funded,Population.Count,Date.of.Last.Use,Date.of.First.Use
28.895,-99.1212,SOUTH TEXAS DETENTION COMPLEX,566 VETERANS DRIVE,PEARSALL,FRIO,TX,78061,CDF,CDF,Yes,1735,04.11.2017,27.06.2005
32.0366,-84.7718,STEWART DETENTION CENTER,146 CCA ROAD,LUMPKIN,STEWART,GA,31815,IGSA,DIGSA,Yes,1917,04.11.2017,01.09.2000
34.5592,-117.441,ADELANTO ICE PROCESSING CENTER,10250 RANCHO ROAD,ADELANTO,SAN BERNARDINO,CA,92301,IGSA,DIGSA,Yes,1747,04.11.2017,29.08.2011
32.8177,-111.52,ELOY FEDERAL CONTRACT FACILITY,1705 EAST HANNA RD.,ELOY,PINAL,AZ,85131,IGSA,DIGSA,Yes,1436,04.11.2017,10.03.1991
47.2491,-122.421,NORTHWEST DETENTION CENTER,1623 E. J STREET,TACOMA,PIERCE,WA,98421,CDF,CDF,Yes,1421,04.11.2017,07.06.2001
31.7083,-92.1524,JENA/LASALLE DETENTION FACILITY,830 PINEHILL ROAD,JENA,LA SALLE,LA,71342,IGSA,DIGSA,Yes,1100,04.11.2017,22.10.2007
26.155,-97.3383,PORT ISABEL,27991 BUENA VISTA BOULEVARD,LOS FRESNOS,CAMERON,TX,78566,SPC,SPC,Yes,1160,04.11.2017,13.04.1985
29.9497,-95.3122,HOUSTON CONTRACT DETENTION FACILITY,15850 EXPORT PLAZA DRIVE,HOUSTON,HARRIS,TX,77032,CDF,CDF,Yes,932,04.11.2017,21.07.1986
28.6579,-99.2004,SOUTH TEXAS FAMILY RESIDENTIAL CENTER,1925 WEST HIGHWAY 85,DILLEY,FRIO,TX,78017,IGSA,FAMILY,Yes,1593,04.11.2017,19.12.2014
32.0768,-106.255,OTERO COUNTY PROCESSING CENTER,26 MCGREGOR RANGE ROAD,CHAPARRAL,DONA ANA,NM,88081,IGSA,DIGSA,Yes,958,04.11.2017,08.12.2001
32.575,-116.915,OTAY MESA DETENTION CENTER (SAN DIEGO CDF),7488 CALZADA DE LA FUENTE,SAN DIEGO,SAN DIEGO,CA,92154,CDF,USMS CDF,Yes,925,04.11.2017,05.09.1998
30.3358,-95.4481,JOE CORLEY DETENTION FACILITY,500 HILBIG RD.,CONROE,MONTGOMERY,TX,77301,IGSA,IGSA,Yes,767,04.11.2017,16.08.2008
31.7939,-106.369,EL PASO SERVICE PROCESSING CENTER,8915 MONTANA AVE.,EL PASO,EL PASO,TX,79925,SPC,SPC,Yes,770,04.11.2017,04.04.1984
39.9865,-76.6608,YORK COUNTY PRISON,3400 CONCORD ROAD,YORK,YORK,PA,17402,IGSA,IGSA,Yes,691,04.11.2017,27.01.1988
37.3239,-78.437,IMMIGRATION CENTERS OF AMERICA FARMVILLE,508 WATERWORKS ROAD,FARMVILLE,PRINCE EDWARD,VA,23901,IGSA,DIGSA,Yes,690,04.11.2017,05.08.2010
26.2772,-80.151,BROWARD TRANSITIONAL CENTER,3900 NORTH POWERLINE ROAD,POMPANO BEACH,BROWARD,FL,33073,CDF,CDF,Yes,645,04.11.2017,26.08.2002
40.7212,-74.1272,ESSEX COUNTY CORRECTIONAL FACILITY,354 DOREMUS AVENUE,NEWARK,ESSEX,NJ,7105,IGSA,IGSA,Yes,701,04.11.2017,13.03.1990
31.5781,-83.253,IRWIN COUNTY DETENTION CENTER,132 COTTON DRIVE,OCILLA,IRWIN,GA,31772,USMS IGA,USMS IGA,Yes,674,04.11.2017,26.09.2010
32.6908,-115.398,IMPERIAL REGIONAL DETENTION FACILITY,1572 GATEWAY,CALEXICO,IMPERIAL,CA,92231,IGSA,DIGSA,Yes,671,04.11.2017,22.09.2014
40.7279,-74.1084,HUDSON COUNTY CORRECTIONAL CENTER,30-35 HACKENSACK AVE.,KEARNY,HUDSON,NJ,7032,IGSA,IGSA,Yes,610,04.11.2017,14.08.1995
33.0371,-111.371,"CCA, FLORENCE CORRECTIONAL CENTER",1100 BOWLING ROAD,FLORENCE,PINAL,AZ,85132,USMS IGA,USMS IGA,Yes,659,04.11.2017,04.11.1987
39.7606,-104.849,DENVER CONTRACT DETENTION FACILITY,3130 N. OAKLAND ST.,AURORA,ARAPAHOE,CO,80010,CDF,CDF,Yes,646,04.11.2017,11.04.1987
43.0202,-78.2026,BUFFALO (BATAVIA) SERVICE PROCESSING CENTER,4250 FEDERAL DRIVE,BATAVIA,GENESEE,NY,14020,SPC,SPC,Yes,562,04.11.2017,23.05.1995
30.5653,-97.4198,HUTTO CCA,1001 WELCH STREET,TAYLOR,WILLIAMSON,TX,76574,IGSA,FAMILY,Yes,509,04.11.2017,13.04.1998
30.6977,-95.0061,POLK COUNTY ADULT DETENTION FACILITY,3400 FM 350 SOUTH,LIVINGSTON,POLK,TX,77351,IGSA,IGSA,Yes,560,04.11.2017,16.05.2006
27.3777,-99.4901,RIO GRANDE DETENTION CENTER,1001 SAN RIO BOULEVARD,LAREDO,WEBB,TX,78046,USMS IGA,USMS IGA,Yes,680,04.11.2017,01.01.2014
33.7818,-117.888,THEO LACY FACILITY,501 THE CITY DRIVE SOUTH,ORANGE,ORANGE,CA,92868,IGSA,IGSA,Yes,537,04.11.2017,09.08.2010
25.7543,-80.4891,KROME NORTH SERVICE PROCESSING CENTER,18201 SOUTHWEST 12TH STREET,MIAMI,MIAMI-DADE,FL,33194,SPC,SPC,Yes,0,10.09.2017,03.11.1983
28.8858,-97.9112,KARNES COUNTY RESIDENTIAL CENTER,FM 1144 AT US HIGHWAY 181,KARNES CITY,KARNES,TX,78118,IGSA,FAMILY,Yes,574,04.11.2017,30.05.2014
33.0637,-111.379,FLORENCE SERVICE PROCESSING CENTER,3250 NORTH PINAL PARKWAY,FLORENCE,PINAL,AZ,85132,SPC,SPC,Yes,369,04.11.2017,31.08.1984
30.7886,-92.4231,PINE PRAIRIE CORRECTIONAL CENTER,1133 HAMPTON DUPRE ROAD,PINE PRAIRIE,EVANGELINE,LA,70576,IGSA,DIGSA,Yes,691,04.11.2017,28.02.2000
31.1666,-105.352,WEST TEXAS DETENTION FACILITY,401 S. VAQUERO AVE.,SIERRA BLANCA,HUDSPETH,TX,79851,USMS IGA,USMS IGA,Yes,485,04.11.2017,18.07.2007
33.1714,-99.7201,ROLLING PLAINS DETENTION CENTER,118 COUNTY ROAD 206,HASKELL,HASKELL,TX,79521,IGSA,IGSA,Yes,0,23.03.2017,18.06.2000
27.5289,-99.4479,LAREDO PROCESSING CENTER,4702 EAST SAUNDERS STREET,LAREDO,WEBB,TX,78041,USMS IGA,USMS IGA,Yes,368,04.11.2017,20.06.1983
,,Redacted,Redacted,Redacted,Redacted,Redacted,Redacted,ORR,ORR,No,366,04.11.2017,29.12.2015
34.0166,-86.0124,ETOWAH COUNTY JAIL (ALABAMA),827 FORREST AVENUE,GADSDEN,ETOWAH,AL,35901,USMS IGA,USMS IGA,Yes,297,04.11.2017,02.03.1996
33.6625,-117.703,JAMES A. MUSICK FACILITY,13502 MUSICK ROAD,IRVINE,ORANGE,CA,92618,IGSA,IGSA,Yes,284,04.11.2017,09.08.2010
40.6661,-74.1897,ELIZABETH CONTRACT DETENTION FACILITY,625 EVANS STREET,ELIZABETH,UNION,NJ,7201,CDF,CDF,Yes,310,04.11.2017,22.01.1990
30.485653,-92.595756,SOUTH LOUISIANA DETENTION CENTER,3843 STAGG AVENUE,BASILE,EVANGELINE,LA,70515,IGSA,IGSA,Yes,0,05.01.2016,31.01.1997
35.38,-119.006,MESA VERDE DETENTION FACILITY,425 GOLDEN STATE AVE,BAKERSFIELD,KERN,CA,93301,IGSA,DIGSA,Yes,378,04.11.2017,20.03.2015
36.031,-114.979,HENDERSON DETENTION CENTER,18 E BASIC ROAD,HENDERSON,CLARK,NV,89015,USMS IGA,USMS IGA,Yes,233,04.11.2017,04.02.2011
32.372,-97.3891,JOHNSON COUNTY CORRECTIONS CENTER,1800 RIDGEMAR DRIVE,CLEBURNE,JOHNSON,TX,76031,IGSA,IGSA,Yes,278,04.11.2017,01.05.1998
26.8386,-81.1247,GLADES COUNTY DETENTION CENTER,1297 EAST SR 78,MOORE HAVEN,GLADES,FL,33471,IGSA,IGSA,Yes,384,04.11.2017,16.07.2007
30.2957,-82.1222,BAKER COUNTY SHERIFF'S OFFICE,1 SHERIFF OFFICE DRIVE,MACCLENNY,BAKER,FL,32063,IGSA,IGSA,Yes,288,04.11.2017,07.06.2000
,,Redacted,Redacted,Redacted,Redacted,Redacted,Redacted,ORR,ORR,No,219,04.11.2017,15.07.2011
42.3405,-88.4409,MCHENRY COUNTY CORRECTIONAL FACILITY,2200 NORTH SEMINARY AVENUE,WOODSTOCK,MCHENRY,IL,60098,USMS IGA,USMS IGA,Yes,256,04.11.2017,24.12.1987
40.8733,-74.0401,BERGEN COUNTY JAIL,160 SOUTH RIVER STREET,HACKENSACK,BERGEN,NJ,7601,USMS IGA,USMS IGA,Yes,378,04.11.2017,13.06.1989
37.9944,-122.354,CONTRA COSTA COUNTY JAIL WEST,5555 GIANT HIGHWAY,RICHMOND,CONTRA COSTA,CA,94806,USMS IGA,USMS IGA,Yes,214,04.11.2017,05.04.2010
39.1411,-121.587,YUBA COUNTY JAIL,215 5TH STREET,MARYSVILLE,YUBA,CA,95901,IGSA,IGSA,Yes,190,04.11.2017,03.01.1996
32.4195,-97.1969,PRAIRIELAND DETENTION FACILITY,1209 SUNFLOWER LN,ALVARADO,JOHNSON,TX,76009,IGSA,DIGSA,Yes,600,04.11.2017,17.01.2017
42.3344,-71.0677,SUFFOLK COUNTY HOUSE OF CORRECTIONS,20 BRADSTON STREET,BOSTON,SUFFOLK,MA,2118,IGSA,IGSA,Yes,210,04.11.2017,05.11.1996
43.4076,-88.7041,DODGE COUNTY JAIL,215 WEST CENTRAL STREET,JUNEAU,DODGE,WI,53039,USMS IGA,USMS IGA,Yes,177,04.11.2017,02.09.1986
31.323747,-92.53531,ALEXANDRIA STAGING FACILITY,1511 ARNOLD DRIVE,ALEXANDRIA,COUNTY,LA,71303,Other,STAGING,Yes,286,04.11.2017,10.11.2014
30.879161,-81.978064,FOLKSTON ICE PROCESSING CENTER (D. RAY JAMES),3423 HIGHWAY 252 EAST,FOLKSTON,CHARLTON,GA,31537,IGSA,DIGSA,Yes,555,04.11.2017,30.01.2017
27.739633,-97.760526,COASTAL BEND DETENTION FACILITY,4909 FM (FARM TO MARKET) 2826,ROBSTOWN,NUECES,TX,78380,USMS IGA,USMS IGA,Yes,3,04.11.2017,09.06.2012
38.1699,-75.376,WORCESTER COUNTY JAIL,5022 JOYNER ROAD,SNOW HILL,WORCESTER,MD,21863,IGSA,IGSA,Yes,170,04.11.2017,04.01.2000
41.3886,-75.0719,PIKE COUNTY CORRECTIONAL FACILITY,175 PIKE COUNTY BOULEVARD,LORDS VALLEY,PIKE,PA,18428,IGSA,IGSA,Yes,163,04.11.2017,13.03.1996
45.3047,-93.6206,SHERBURNE COUNTY JAIL,13880 UNITED STATES HIGHWAY 10,ELK RIVER,SHERBURNE,MN,55330,USMS IGA,USMS IGA,Yes,268,04.11.2017,01.04.1991
42.5943,-87.9119,KENOSHA COUNTY DETENTION CENTER,4777 88TH AVENUE,KENOSHA,KENOSHA,WI,53144,USMS IGA,USMS IGA,Yes,142,04.11.2017,08.01.1986
,,Redacted,Redacted,Redacted,Redacted,Redacted,Redacted,ORR,ORR,No,231,04.11.2017,26.09.2014
,,Redacted,Redacted,Redacted,Redacted,Redacted,Redacted,ORR,ORR,No,149,04.11.2017,17.07.2012
38.3063,-121.422,RIO COSUMNES CORR. CENTER,12500 BRUCEVILLE ROAD,ELK GROVE,SACRAMENTO,CA,95757,IGSA,IGSA,Yes,180,04.11.2017,12.07.2013
,,Redacted,Redacted,Redacted,Redacted,Redacted,Redacted,ORR,ORR,No,102,04.11.2017,15.06.2007
41.4049,-74.3595,ORANGE COUNTY JAIL,110 WELLS FARM ROAD,GOSHEN,ORANGE,NY,10924,IGSA,IGSA,Yes,176,04.11.2017,19.08.2008
36.1573,-95.9993,TULSA COUNTY JAIL (DAVID L. MOSS JUSTICE CTR),300 NORTH DENVER AVENUE,TULSA,TULSA,OK,74103,IGSA,IGSA,Yes,182,04.11.2017,22.10.1990
42.3157,-85.1767,CALHOUN COUNTY CORRECTIONAL CENTER,185 EAST MICHIGAN AVENUE,BATTLE CREEK,BRANCH,MI,49014,IGSA,IGSA,Yes,172,04.11.2017,25.07.1995
,,Redacted,Redacted,Redacted,Redacted,Redacted,Redacted,ORR,ORR,No,141,04.11.2017,23.06.2013
33.7473,-84.3955,ATLANTA CITY DETENTION CENTER,254 PEACHTREE STREET SOUTHWEST,ATLANTA,FULTON,GA,30303,USMS IGA,USMS IGA,Yes,240,04.11.2017,17.09.1996
39.0366,-84.7283,BOONE COUNTY JAIL,3020 CONRAD LANE,BURLINGTON,BOONE,KY,41005,USMS IGA,USMS IGA,Yes,136,04.11.2017,15.02.1994
41.6657,-70.9949,BRISTOL COUNTY DETENTION CENTER,400 FAUNCE CORNER ROAD,NORTH DARTMOUTH,BRISTOL,MA,2747,IGSA,IGSA,Yes,193,04.11.2017,19.08.1996
33.065474,-111.378465,FLORENCE STAGING FACILITY,3250 NORTH PINAL PARKWAY,FLORENCE,PINAL,AZ,85232,Other,STAGING,Yes,156,04.11.2017,21.05.1986
,,Redacted,Redacted,Redacted,Redacted,Redacted,Redacted,ORR,ORR,No,157,04.11.2017,03.10.2009
41.9305,-70.6542,PLYMOUTH COUNTY CORRECTIONAL FACILITY,26 LONG POND ROAD,PLYMOUTH,PLYMOUTH,MA,2360,IGSA,IGSA,Yes,235,04.11.2017,01.04.1994
,,Redacted,Redacted,Redacted,Redacted,Redacted,Redacted,ORR,ORR,No,36,04.11.2017,15.04.2013
,,Redacted,Redacted,Redacted,Redacted,Redacted,Redacted,ORR,ORR,No,109,04.11.2017,24.06.2013
40.1489,-111.66,UTAH COUNTY JAIL,3075 NORTH MAIN STREET,SPANISH FORK,UTAH,UT,84660,IGSA,IGSA,Yes,0,06.12.2016,01.03.1993
40.7182,-74.1286,DELANEY HALL DETENTION FACILITY,451 DOREMUS AVENUE,NEWARK,NEWARK,NJ,7105,IGSA,IGSA,Yes,0,22.02.2017,29.08.2011
,,Redacted,Redacted,Redacted,Redacted,Redacted,Redacted,ORR,ORR,No,140,04.11.2017,12.06.2013
33.7483,-117.874,SANTA ANA CITY JAIL,62 CIVIC CENTER PLAZA,SANTA ANA,ORANGE,CA,92701,IGSA,IGSA,Yes,0,08.05.2017,12.06.1997
,,Redacted,Redacted,Redacted,Redacted,Redacted,Redacted,ORR,ORR,No,95,04.11.2017,16.10.1988
,,Redacted,Redacted,Redacted,Redacted,Redacted,Redacted,ORR,ORR,No,84,04.11.2017,06.12.2010
32.484739,-114.683596,SAN LUIS REGIONAL DETENTION CENTER,406 NORTH AVENUE D,SAN LUIS,YUMA,AZ,85349,USMS IGA,USMS IGA,Yes,271,04.11.2017,28.01.2008
,,Redacted,Redacted,Redacted,Redacted,Redacted,Redacted,ORR,ORR,No,115,04.11.2017,23.08.2012
,,Redacted,Redacted,Redacted,Redacted,Redacted,Redacted,ORR,ORR,No,93,04.11.2017,20.06.2008
,,Redacted,Redacted,Redacted,Redacted,Redacted,Redacted,ORR,ORR,No,163,04.11.2017,24.05.2014
,,Redacted,Redacted,Redacted,Redacted,Redacted,Redacted,ORR,ORR,No,0,12.07.2017,06.09.2016
39.3881,-84.5559,BUTLER COUNTY JAIL,705 HANOVER STREET,HAMILTON,BUTLER,OH,45011,IGSA,IGSA,Yes,132,04.11.2017,03.10.2002
,,Redacted,Redacted,Redacted,Redacted,Redacted,Redacted,ORR,ORR,No,126,04.11.2017,06.04.1992
,,Redacted,Redacted,Redacted,Redacted,Redacted,Redacted,ORR,ORR,No,144,04.11.2017,15.01.2005
35.181496,-107.90851,CIBOLA COUNTY CORRECTIONAL CENTER,2000 CIBOLA LOOP,MILAN,CIBOLA,NM,87021,IGSA,IGSA,Yes,236,04.11.2017,27.12.2016
37.269,-89.1641,PULASKI COUNTY JAIL,1026 SHAWNEE COLLEGE ROAD,ULLIN,PULASKI,IL,62992,IGSA,IGSA,Yes,172,04.11.2017,26.02.2016
,,Redacted,Redacted,Redacted,Redacted,Redacted,Redacted,ORR,ORR,No,148,04.11.2017,17.06.2012
26.2966,-97.9181,EAST HIDALGO DETENTION CENTER,1330 HIGHWAY 107,LA VILLA,HIDALGO,TX,78562,USMS IGA,USMS IGA,Yes,74,04.11.2017,23.03.2011
28.8858,-97.9112,KARNES COUNTY CIVIL DETENTION CENTER,FM 1144 AT US HIGHWAY 181,KARNES CITY,KARNES,TX,78118,IGSA,DIGSA,Yes,0,05.08.2014,01.01.2012
32.801908,-115.569947,EL CENTRO SERVICE PROCESSING CENTER,1115 NORTH IMPERIAL AVENUE,EL CENTRO,IMPERIAL,CA,92243,SPC,SPC,Yes,0,25.09.2014,03.06.1983
,,Redacted,Redacted,Redacted,Redacted,Redacted,Redacted,ORR,ORR,No,85,04.11.2017,05.05.2012
,,Redacted,Redacted,Redacted,Redacted,Redacted,Redacted,ORR,ORR,No,71,04.11.2017,28.04.2005
30.1966,-84.3773,WAKULLA COUNTY JAIL,15 OAK STREET,CRAWFORDVILLE,WAKULLA,FL,32327,IGSA,IGSA,Yes,107,04.11.2017,06.01.1999
41.128585,-80.626903,NORTHEAST OHIO CORRECTIONAL CTR (YOUNGSTOWN CDF),2240 HUBBARD ROAD,YOUNGSTOWN,MAHONING,OH,44505,CDF,CDF,Yes,272,04.11.2017,18.12.2016
,,Redacted,Redacted,Redacted,Redacted,Redacted,Redacted,ORR,ORR,No,88,04.11.2017,11.05.2012
36.253,-115.975,NEVADA SOUTHERN DETENTION CENTER,2190 EAST MESQUITE AVENUE,PAHRUMP,NYE,NV,89060,USMS IGA,USMS IGA,Yes,145,04.11.2017,02.05.2016
37.271969,-89.164242,TRI-COUNTY DETENTION CENTER,1026 SHAWNEE COLLEGE ROAD,ULLIN,PULASKI,IL,62992,IGSA,IGSA,Yes,0,06.03.2016,28.05.1999
32.888854,-112.033477,PINAL COUNTY JAIL,971 N. JASON LOPEZ CIRCLE,FLORENCE,PINAL,AZ,85132,IGSA,IGSA,Yes,0,27.09.2017,30.10.1992
,,Redacted,Redacted,Redacted,Redacted,Redacted,Redacted,ORR,ORR,No,62,04.11.2017,01.05.2006
,,Redacted,Redacted,Redacted,Redacted,Redacted,Redacted,ORR,ORR,No,64,04.11.2017,22.04.1996
,,Redacted,Redacted,Redacted,Redacted,Redacted,Redacted,ORR,ORR,No,82,04.11.2017,16.05.2014
40.3793,-76.0195,BERKS COUNTY FAMILY SHELTER,1040 BERKS ROAD,LEESPORT,BERKS,PA,19533,IGSA,FAMILY,Yes,67,04.11.2017,07.01.2001
42.5959,-72.6138,FRANKLIN COUNTY HOUSE OF CORRECTION,160 ELM STREET,GREENFIELD,FRANKLIN,MA,1301,USMS IGA,USMS IGA,Yes,64,04.11.2017,23.12.1998
43.646,-93.368,FREEBORN COUNTY ADULT DETENTION CENTER,411 SOUTH BROADWAY AVENUE,ALBERT LEA,FREEBORN,MN,56007,IGSA,IGSA,Yes,89,04.11.2017,15.09.1996
39.1694,-76.7818,HOWARD COUNTY DETENTION CENTER,7301 WATERLOO ROAD,JESSUP,HOWARD,MD,20794,IGSA,IGSA,Yes,93,04.11.2017,25.11.1987
,,Redacted,Redacted,Redacted,Redacted,Redacted,Redacted,ORR,ORR,No,66,04.11.2017,09.01.2004
41.0796,-83.2082,SENECA COUNTY JAIL,3040 SOUTH STATE HIGHWAY 100,TIFFIN,SENECA,OH,44883,IGSA,IGSA,Yes,80,04.11.2017,22.03.1996
,,Redacted,Redacted,Redacted,Redacted,Redacted,Redacted,ORR,ORR,No,71,04.11.2017,07.07.2007
41.2534,-95.9384,DOUGLAS COUNTY DEPARTMENT OF CORRECTIONS,710 SOUTH 17TH ST,OMAHA,DOUGLAS,NE,68102,IGSA,IGSA,Yes,41,04.11.2017,05.03.1991
,,Redacted,Redacted,Redacted,Redacted,Redacted,Redacted,ORR,ORR,No,80,04.11.2017,15.08.2012
42.9423,-82.4795,SAINT CLAIR COUNTY JAIL,1170 MICHIGAN ROAD,PORT HURON,SAINT CLAIR,MI,48060,IGSA,IGSA,Yes,89,04.11.2017,05.09.1991
,,Redacted,Redacted,Redacted,Redacted,Redacted,Redacted,ORR,ORR,No,47,04.11.2017,09.05.2013
41.8956,-83.3933,MONROE COUNTY DETENTION-DORM,7000 EAST DUNBAR ROAD,MONROE,MONROE,MI,48161,IGSA,IGSA,Yes,54,04.11.2017,13.07.1995
,,Redacted,Redacted,Redacted,Redacted,Redacted,Redacted,ORR,ORR,No,115,04.11.2017,23.04.2016
,,Redacted,Redacted,Redacted,Redacted,Redacted,Redacted,ORR,ORR,No,50,04.11.2017,27.06.2013
43.2187,-70.9351,STRAFFORD COUNTY CORRECTIONS,266 COUNTY FARM ROAD,DOVER,STRAFFORD,NH,3820,IGSA,IGSA,Yes,56,04.11.2017,11.02.1991
24.576051,-81.749543,MONROE COUNTY DETENTION CENTER,5501 COLLEGE ROAD,KEY WEST,MONROE,FL,33040,IGSA,IGSA,Yes,69,04.11.2017,20.09.1995
,,Redacted,Redacted,Redacted,Redacted,Redacted,Redacted,ORR,ORR,No,63,04.11.2017,28.11.1985
38.366841,-96.539009,CHASE COUNTY DETENTION FACILITY,301 SOUTH WALNUT STREET,COTTONWOOD FALLS,CHASE,KS,66845,IGSA,IGSA,Yes,77,04.11.2017,25.07.1994
,,Redacted,Redacted,Redacted,Redacted,Redacted,Redacted,ORR,ORR,No,61,04.11.2017,19.06.2012
,,Redacted,Redacted,Redacted,Redacted,Redacted,Redacted,ORR,ORR,No,53,04.11.2017,16.03.2011
,,Redacted,Redacted,Redacted,Redacted,Redacted,Redacted,ORR,ORR,No,32,04.11.2017,23.04.2016
,,Redacted,Redacted,Redacted,Redacted,Redacted,Redacted,ORR,ORR,No,57,04.11.2017,13.09.2014
,,Redacted,Redacted,Redacted,Redacted,Redacted,Redacted,ORR,ORR,No,44,04.11.2017,03.07.2010
26.4676,-97.7681,WILLACY CO REGIONAL DETENTION FACILITY,1601 BUFFALO DRIVE,RAYMONDVILLE,WILLACY,TX,78580,USMS IGA,USMS IGA,Yes,181,04.11.2017,11.07.2014
,,Redacted,Redacted,Redacted,Redacted,Redacted,Redacted,ORR,ORR,No,49,04.11.2017,28.04.2013
42.3601,-93.0976,HARDIN COUNTY JAIL,1116 14TH AVENUE,ELDORA,HARDIN,IA,50627,IGSA,IGSA,Yes,78,04.11.2017,17.09.1997
41.118644,-87.888099,KANKAKEE COUNTY JAIL (JEROME COMBS DET CTR),3050 JUSTICE WAY,KANKAKEE,KANKAKEE,IL,60901,USMS IGA,USMS IGA,Yes,143,04.11.2017,08.10.2016
,,Redacted,Redacted,Redacted,Redacted,Redacted,Redacted,ORR,ORR,No,61,04.11.2017,07.05.2013
28.0462,-99.3527,LA SALLE COUNTY REGIONAL DETENTION CENTER,832 EAST TEXAS STATE HIGHWAY 44,ENCINAL,LA SALLE,TX,78019,USMS IGA,USMS IGA,Yes,0,04.11.2017,10.06.2011
41.5047,-81.1915,GEAUGA COUNTY JAIL,12450 MERRITT DR,CHARDON,GEAUGA,OH,44024,USMS IGA,USMS IGA,Yes,92,04.11.2017,05.04.1996
39.5237,-87.119,CLAY COUNTY JAIL,611 EAST JACKSON STREET,BRAZIL,CLAY,IN,47834,USMS IGA,USMS IGA,Yes,46,04.11.2017,23.07.2013
,,Redacted,Redacted,Redacted,Redacted,Redacted,Redacted,ORR,ORR,No,89,04.11.2017,10.06.2016
32.857146,-104.412724,ARTESIA FAMILY RESIDENTIAL CENTER,1300 W. RICHEY AVENUE,ARTESIA,COUNTY,NM,88210,IGSA,FAMILY,Yes,0,17.12.2014,27.06.2014
38.431556,-92.840072,MORGAN COUNTY ADULT DETENTION CENTER,211 EAST NEWTON STREET,VERSAILLES,MORGAN,MO,65084,IGSA,IGSA,Yes,50,04.11.2017,28.02.2003
,,Redacted,Redacted,Redacted,Redacted,Redacted,Redacted,ORR,ORR,No,32,04.11.2017,20.06.2013
,,Redacted,Redacted,Redacted,Redacted,Redacted,Redacted,ORR,ORR,No,65,04.11.2017,10.03.2008
39.3655,-77.4136,FREDERICK COUNTY DETENTION CENTER,7300 MARCIE'S CHOICE LANE,FREDERICK,FREDERICK,MD,21704,IGSA,IGSA,Yes,45,04.11.2017,03.08.2006
34.7673,-106.019,TORRANCE COUNTY DETENTION FACILITY,COUNTY ROAD 49,ESTANCIA,TORRANCE,NM,87016,USMS IGA,USMS IGA,Yes,0,01.06.2017,14.03.2001
,,Redacted,Redacted,Redacted,Redacted,Redacted,Redacted,ORR,ORR,No,140,04.11.2017,19.08.2016
,,Redacted,Redacted,Redacted,Redacted,Redacted,Redacted,ORR,ORR,No,66,04.11.2017,26.05.2007
,,Redacted,Redacted,Redacted,Redacted,Redacted,Redacted,ORR,ORR,No,98,04.11.2017,28.10.1993
37.2166,-76.6036,VIRGINIA PENINSULA REGIONAL JAIL,9320 MERRIMAC TRAIL,WILLIAMSBURG,JAMES CITY,VA,23185,USMS IGA,USMS IGA,Yes,54,04.11.2017,22.10.1997
38.404207,-77.419184,RAPPAHANNOCK REGIONAL JAIL,1745 JEFFERSON DAVIS HIGHWAY,STAFFORD,FREDERICKSBURG CITY,VA,22554,USMS IGA,USMS IGA,Yes,0,29.04.2015,27.08.1987
42.012212,-93.058651,MARSHALL COUNTY JAIL,2369 JESSUP AVENUE,MARSHALLTOWN,MARSHALL,IA,50158,USMS IGA,USMS IGA,Yes,67,04.11.2017,06.02.1992
,,Redacted,Redacted,Redacted,Redacted,Redacted,Redacted,ORR,ORR,No,48,04.11.2017,21.03.2012
,,Redacted,Redacted,Redacted,Redacted,Redacted,Redacted,ORR,ORR,No,27,04.11.2017,25.06.2013
,,Redacted,Redacted,Redacted,Redacted,Redacted,Redacted,ORR,ORR,No,32,04.11.2017,16.08.2011
40.9269,-98.3281,HALL COUNTY DEPARTMENT OF CORRECTIONS,110 PUBLIC SAFETY DRIVE,GRAND ISLAND,HALL,NE,68801,IGSA,IGSA,Yes,77,04.11.2017,04.02.1992
,,Redacted,Redacted,Redacted,Redacted,Redacted,Redacted,ORR,ORR,No,34,04.11.2017,27.03.2012
27.390015,-99.475622,WEBB COUNTY DETENTION CENTER (CCA),9998 SOUTH HIGHWAY 83,LAREDO,WEBB,TX,78046,USMS IGA,USMS IGA,Yes,174,04.11.2017,02.11.2016
,,Redacted,Redacted,Redacted,Redacted,Redacted,Redacted,ORR,ORR,No,59,04.11.2017,23.10.2015
,,Redacted,Redacted,Redacted,Redacted,Redacted,Redacted,ORR,ORR,No,51,04.11.2017,13.07.2014
40.56,-82.8067,MORROW COUNTY CORRECTIONAL FACILITY,101 HOME ROAD,MOUNT GILEAD,MORROW,OH,43338,IGSA,IGSA,Yes,53,04.11.2017,28.08.2009
34.984406,-81.205334,YORK COUNTY DETENTION CENTER,1675-3A YORK HWY,YORK,YORK,SC,29745,USMS IGA,USMS IGA,Yes,47,04.11.2017,02.01.2002
,,Redacted,Redacted,Redacted,Redacted,Redacted,Redacted,ORR,ORR,No,23,04.11.2017,06.11.2014
,,Redacted,Redacted,Redacted,Redacted,Redacted,Redacted,ORR,ORR,No,44,04.11.2017,26.06.2013
44.789,-93.5933,CARVER COUNTY JAIL,600 EAST FOURTH ST.,CHASKA,CARVER,MN,55318,IGSA,IGSA,Yes,43,04.11.2017,31.10.1990
,,Redacted,Redacted,Redacted,Redacted,Redacted,Redacted,ORR,ORR,No,8,04.11.2017,04.04.2003
33.928058,-86.022294,DEKALB COUNTY DETENTION CENTER,2801 JORDAN ROAD,FORT PAYNE,DEKALB,AL,35968,USMS IGA,USMS IGA,Yes,42,04.11.2017,02.09.2008
,,Redacted,Redacted,Redacted,Redacted,Redacted,Redacted,ORR,ORR,No,141,04.11.2017,14.04.2017
,,Redacted,Redacted,Redacted,Redacted,Redacted,Redacted,ORR,ORR,No,27,04.11.2017,22.11.1989
,,Redacted,Redacted,Redacted,Redacted,Redacted,Redacted,ORR,ORR,No,0,25.01.2015,01.07.2013
,,Redacted,Redacted,Redacted,Redacted,Redacted,Redacted,ORR,ORR,No,40,04.11.2017,15.09.2014
21.3328,-157.929051,HONOLULU FEDERAL DETENTION CENTER,351 ELLIOTT ST.,HONOLULU,HONOLULU,HI,96819,BOP,BOP,No,27,04.11.2017,11.02.2001
33.0442,-111.377,CCA CENTRAL ARIZONA DETENTION CENTER,1155 NORTH PINAL PARKWAY,FLORENCE,PINAL,AZ,85132,USMS IGA,USMS IGA,Yes,0,07.09.2016,08.01.1998
35.408723,-89.547909,WESTERN TENNESSEE DETENTION FACILITY,6299 FINDE NAIFEH DRIVE,MASON,TIPTON,TN,38049,USMS IGA,USMS IGA,Yes,6,04.11.2017,02.10.1996
,,Redacted,Redacted,Redacted,Redacted,Redacted,Redacted,ORR,ORR,No,26,04.11.2017,07.06.2013
,,Redacted,Redacted,Redacted,Redacted,Redacted,Redacted,ORR,ORR,No,30,04.11.2017,22.06.2011
33.470625,-112.073702,PHOENIX DISTRICT OFFICE,2035 NORTH CENTRAL AVENUE,PHOENIX,MARICOPA,AZ,85004,Other,HOLD,Yes,38,04.11.2017,09.12.1997
27.2479,-98.1268,BROOKS COUNTY DETENTION CENTER,901 COUNTY ROAD 201,FALFURRIAS,BROOKS,TX,78355,USMS IGA,USMS IGA,Yes,41,04.11.2017,03.07.2005
32.847072,-80.014287,CHARLESTON COUNTY DETENTION CENTER,3841 LEEDS AVENUE,NORTH CHARLESTON,CHARLESTON,SC,29405,USMS IGA,USMS IGA,Yes,7,04.11.2017,31.10.1997
31.5493,-97.0814,JACK HARWELL DETENTION CENTER,3101 MARLIN HWY,WACO,MCLENNAN,TX,76705,USMS IGA,USMS IGA,Yes,0,04.11.2017,28.04.2011
,,Redacted,Redacted,Redacted,Redacted,Redacted,Redacted,ORR,ORR,No,22,04.11.2017,08.04.2009
32.568134,-116.996883,QUALITY SUITES,2351 OTAY MESA DRIVE,CALIPATRIA,SAN DIEGO,CA,92154,Other,Other,Yes,69,04.11.2017,17.03.2014
,,Redacted,Redacted,Redacted,Redacted,Redacted,Redacted,ORR,ORR,No,31,04.11.2017,18.06.2009
30.622376,-92.781593,ALLEN PARISH PUBLIC SAFETY COMPLEX,7340 HIGHWAY 26 WEST,OBERLIN,ALLEN,LA,70655,IGSA,IGSA,Yes,55,04.11.2017,18.05.2016
31.805626,-91.395017,TENSAS PARISH DETENTION CENTER,8606 HWY 65,WATERPROOF,TENSAS,LA,71375,IGSA,IGSA,Yes,0,01.03.2016,11.12.1995
,,Redacted,Redacted,Redacted,Redacted,Redacted,Redacted,ORR,ORR,No,21,04.11.2017,01.06.2013
46.497911,-84.345852,CHIPPEWA COUNTY SSM,325 COURT STREET,SAULT SAINTE MARIE,CHIPPEWA,MI,49783,IGSA,IGSA,Yes,41,04.11.2017,30.09.1991
,,Redacted,Redacted,Redacted,Redacted,Redacted,Redacted,ORR,ORR,No,26,04.11.2017,01.05.2015
,,Redacted,Redacted,Redacted,Redacted,Redacted,Redacted,ORR,ORR,No,0,20.09.2016,14.06.2014
,,Redacted,Redacted,Redacted,Redacted,Redacted,Redacted,ORR,ORR,No,26,04.11.2017,16.05.2014
41.154752,-77.337047,CLINTON COUNTY CORRECTIONAL FACILITY,419 SHOEMAKER ROAD,LOCK HAVEN,CLINTON,PA,17745,USMS IGA,USMS IGA,Yes,23,04.11.2017,21.04.2001
39.642682,-94.046435,CALDWELL COUNTY DETENTION CENTER,280 WEST MAIN STREET,KINGSTON,CALDWELL,MO,64650,IGSA,IGSA,Yes,20,04.11.2017,19.01.2004
,,Redacted,Redacted,Redacted,Redacted,Redacted,Redacted,ORR,ORR,No,21,04.11.2017,24.02.2014
,,Redacted,Redacted,Redacted,Redacted,Redacted,Redacted,ORR,ORR,No,21,04.11.2017,12.01.2005
28.8831,-97.9114,KARNES COUNTY CORRECTIONAL CENTER,810 COMMERCE STREET,KARNES CITY,KARNES,TX,78118,USMS IGA,USMS IGA,Yes,0,24.08.2017,13.01.1998
38.7879,-104.779,EL PASO COUNTY CRIMINAL JUSTICE CENTER,2739 EAST LAS VEGAS,COLORADO SPRINGS,EL PASO,CO,80906,IGSA,IGSA,Yes,0,02.11.2017,18.12.1990
42.7516,-73.8162,ALBANY COUNTY JAIL,840 ALBANY SHAKER ROAD,ALBANY,KINGS,NY,12211,USMS IGA,USMS IGA,Yes,18,04.11.2017,13.07.1988
,,Redacted,Redacted,Redacted,Redacted,Redacted,Redacted,ORR,ORR,No,25,04.11.2017,12.05.2009
,,Redacted,Redacted,Redacted,Redacted,Redacted,Redacted,ORR,ORR,No,0,27.12.2016,23.09.2005
32.016469,-106.41112,OTERO COUNTY PRISON FACILITY,10 MCGREGOR RANGE ROAD,CHAPARRAL,DONA ANA,NM,88081,USMS IGA,USMS IGA,Yes,0,20.09.2017,30.11.2005
38.9097,-91.5349,MONTGOMERY COUNTY JAIL,211 EAST THIRD STREET,MONTGOMERY CITY,MONTGOMERY,MO,63361,IGSA,IGSA,Yes,17,04.11.2017,26.06.1998
,,Redacted,Redacted,Redacted,Redacted,Redacted,Redacted,ORR,ORR,No,17,04.11.2017,18.09.1998
,,Redacted,Redacted,Redacted,Redacted,Redacted,Redacted,ORR,ORR,No,16,04.11.2017,08.05.2013
41.727683,-111.836178,CACHE COUNTY JAIL,50 WEST 200 NORTH,LOGAN,CACHE,UT,84321,USMS IGA,USMS IGA,Yes,44,04.11.2017,12.06.1997
,,Redacted,Redacted,Redacted,Redacted,Redacted,Redacted,ORR,ORR,No,22,04.11.2017,29.08.2014
,,Redacted,Redacted,Redacted,Redacted,Redacted,Redacted,ORR,ORR,No,43,04.11.2017,22.06.2016
41.65433,-93.585344,POLK COUNTY JAIL,1985 NE 51ST PLACE,DES MOINES,POLK,IA,50313,USMS IGA,USMS IGA,Yes,28,04.11.2017,21.04.1992
,,Redacted,Redacted,Redacted,Redacted,Redacted,Redacted,ORR,ORR,No,23,04.11.2017,23.05.2014
45.608888,-121.203622,NORTHERN OREGON CORRECTIONAL FACILITY,211 WEBBER ROAD,THE DALLES,WASCO,OR,97058,IGSA,IGSA,Yes,25,04.11.2017,09.01.1987
39.5741,-119.811,WASHOE COUNTY JAIL,911 PARR BOULEVARD,RENO,WASHOE,NV,89512,USMS IGA,USMS IGA,Yes,16,04.11.2017,12.08.1993
,,Redacted,Redacted,Redacted,Redacted,Redacted,Redacted,ORR,ORR,No,31,04.11.2017,21.12.2015
,,Redacted,Redacted,Redacted,Redacted,Redacted,Redacted,ORR,ORR,No,25,04.11.2017,05.08.2011
32.828551,-97.099661,EULESS CITY JAIL,1102 W. EULESS BLVD.,EULESS,TARRANT,TX,76040,IGSA,IGSA,Yes,0,04.11.2017,27.08.1988
35.622382,-95.974093,OKMULGEE COUNTY JAIL,314 W. 7TH STREET,OKMULGEE,OKMULGEE,OK,74447,USMS IGA,USMS IGA,Yes,62,04.11.2017,15.08.2017
,,Redacted,Redacted,Redacted,Redacted,Redacted,Redacted,ORR,ORR,No,23,04.11.2017,24.06.2008
,,Redacted,Redacted,Redacted,Redacted,Redacted,Redacted,ORR,ORR,No,0,20.03.2017,13.07.1998
32.841156,-97.132054,BEDFORD MUNICIPAL DETENTION CENTER,2121 L DON DODSON DRIVE,BEDFORD,TARRANT,TX,76021,IGSA,IGSA,Yes,0,04.11.2017,06.07.1999
40.489338,-78.702639,CAMBRIA COUNTY JAIL,425 MANOR DRIVE,EBENSBURG,CAMBRIA,PA,15931,USMS IGA,USMS IGA,Yes,29,04.11.2017,19.05.1987
30.832093,-92.638259,OAKDALE FEDERAL DETENTION CENTER,2105 E. WHATLEY RD.,OAKDALE,ALLEN,LA,71463,BOP,BOP,No,0,09.07.2015,09.04.1990
,,Redacted,Redacted,Redacted,Redacted,Redacted,Redacted,ORR,ORR,No,9,04.11.2017,22.04.2012
29.3732,-100.848,VAL VERDE CORRECTIONAL FACILITY,253 FARM TO MARKET 2523,DEL RIO,VAL VERDE,TX,78840,USMS IGA,USMS IGA,Yes,1,04.11.2017,10.02.1999
,,Redacted,Redacted,Redacted,Redacted,Redacted,Redacted,ORR,ORR,No,9,04.11.2017,21.10.2009
,,Redacted,Redacted,Redacted,Redacted,Redacted,Redacted,ORR,ORR,No,12,04.11.2017,03.11.1995
,,Redacted,Redacted,Redacted,Redacted,Redacted,Redacted,ORR,ORR,No,33,04.11.2017,03.06.2014
44.7202,-73.4672,CLINTON COUNTY JAIL,25 MCCARTHY DRIVE,PLATTSBURGH,CLINTON,NY,12901,USMS IGA,USMS IGA,Yes,11,04.11.2017,16.10.1987
,,Redacted,Redacted,Redacted,Redacted,Redacted,Redacted,ORR,ORR,No,7,04.11.2017,30.09.2003
,,Redacted,Redacted,Redacted,Redacted,Redacted,Redacted,ORR,ORR,No,0,06.08.2014,06.06.2014
37.019872,-93.205169,CHRISTIAN COUNTY JAIL,110 WEST ELM,OZARK,CHRISTIAN,MO,65721,IGSA,IGSA,Yes,13,04.11.2017,03.01.2004
,,Redacted,Redacted,Redacted,Redacted,Redacted,Redacted,ORR,ORR,No,12,04.11.2017,29.01.2013
,,Redacted,Redacted,Redacted,Redacted,Redacted,Redacted,ORR,ORR,No,3,04.11.2017,09.05.2013
41.284248,-95.863942,POTTAWATTAMIE COUNTY JAIL,1400 BIG LAKE ROAD,COUNCIL BLUFFS,POTTAWATTAMIE,IA,51501,USMS IGA,USMS IGA,Yes,8,04.11.2017,29.11.1995
,,Redacted,Redacted,Redacted,Redacted,Redacted,Redacted,ORR,ORR,No,16,04.11.2017,14.05.2014
26.151929,-97.350906,RIO GRANDE VALLEY STAGING,27991 BUENA VISTA BLVD,LOS FRESNOS,CAMERON,TX,78566,Other,STAGING,Yes,0,03.08.2017,04.06.2010
41.0112,-95.8831,CASS COUNTY JAIL,336 MAIN STREET,PLATTSMOUTH,CASS,NE,68048,USMS IGA,USMS IGA,Yes,11,04.11.2017,10.11.1998
18.360096,-66.078484,GUAYNABO MDC (SAN JUAN),HWY 28 INTSECT OF ROAD 165,SAN JUAN,SAN JUAN,PR,939,BOP,BOP,No,0,24.09.2017,21.06.1993
,,Redacted,Redacted,Redacted,Redacted,Redacted,Redacted,ORR,ORR,No,1,04.11.2017,26.01.1989
,,Redacted,Redacted,Redacted,Redacted,Redacted,Redacted,ORR,ORR,No,14,04.11.2017,24.04.2013
,,Redacted,Redacted,Redacted,Redacted,Redacted,Redacted,ORR,ORR,No,52,04.11.2017,28.06.2017
34.081977,-80.976258,COLUMBIA CARE CENTER,7901 FARROW ROAD,COLUMBIA,RICHLAND,SC,29203,Other,HOSPITAL,No,19,04.11.2017,05.03.1999
,,Redacted,Redacted,Redacted,Redacted,Redacted,Redacted,ORR,ORR,No,0,31.03.2016,26.07.2005
44.9567,-93.086,RAMSEY COUNTY ADULT DETENTION CENTER,425 GROVE STREET,ST. PAUL,RAMSEY,MN,55101,USMS IGA,USMS IGA,Yes,2,04.11.2017,05.04.1997
,,Redacted,Redacted,Redacted,Redacted,Redacted,Redacted,ORR,ORR,No,5,04.11.2017,08.05.2014
,,Redacted,Redacted,Redacted,Redacted,Redacted,Redacted,ORR,ORR,No,9,04.11.2017,04.06.2013
46.603304,-120.508152,YAKIMA COUNTY DEPARTMENT OF CORRECTIONS,111 NORTH FRONT STREET,YAKIMA,YAKIMA,WA,98901,USMS IGA,USMS IGA,Yes,2,04.11.2017,31.05.1996
31.397767,-103.517999,PECOS HOLD ROOM,250 EAST PALMER ROAD,PECOS,REEVES,TX,79772,Other,HOLD,Yes,0,02.10.2017,10.03.2010
42.2056,-78.0097,ALLEGANY COUNTY JAIL,4884 STATE ROUTE 19,BELMONT,ALLEGANY,NY,14813,IGSA,IGSA,Yes,7,04.11.2017,05.11.1987
38.97103,-90.963708,LINCOLN COUNTY DETENTION CENTER,65 BUSINESS PARK DRIVE,TROY,LINCOLN,MO,63379,IGSA,IGSA,Yes,6,04.11.2017,28.02.2000
,,Redacted,Redacted,Redacted,Redacted,Redacted,Redacted,ORR,ORR,No,6,04.11.2017,21.10.2003
13.444257,144.786297,DEPARTMENT OF CORRECTIONS HAGATNA,203 ASPINALL AVENUE,HAGATNA,GUAM,GU,96910,USMS IGA,USMS IGA,Yes,16,04.11.2017,21.05.2009
,,Redacted,Redacted,Redacted,Redacted,Redacted,Redacted,ORR,ORR,No,8,04.11.2017,23.06.2014
,,Redacted,Redacted,Redacted,Redacted,Redacted,Redacted,ORR,ORR,No,8,04.11.2017,14.10.1993
,,Redacted,Redacted,Redacted,Redacted,Redacted,Redacted,ORR,ORR,No,20,04.11.2017,19.05.2014
,,Redacted,Redacted,Redacted,Redacted,Redacted,Redacted,ORR,ORR,No,9,04.11.2017,01.12.2010
47.935765,-97.055633,GRAND FORKS COUNTY CORRECTIONAL FACILITY,1701 NORTH WASHINGTON ST,GRAND FORKS,GRAND FORKS,ND,58206,IGSA,IGSA,Yes,23,04.11.2017,17.02.1989
,,Redacted,Redacted,Redacted,Redacted,Redacted,Redacted,ORR,ORR,No,14,04.11.2017,13.08.2014
,,Redacted,Redacted,Redacted,Redacted,Redacted,Redacted,ORR,ORR,No,45,04.11.2017,19.07.2017
43.648165,-95.587723,NOBLES COUNTY JAIL,1530 AIRPORT ROAD,WORTHINGTON,NICOLLET,MN,56187,IGSA,IGSA,Yes,27,04.11.2017,30.09.1997
28.74837,-99.845425,CRYSTAL CITY CORRECTIONAL CENTER,6901 N HIGHWAY 83,CRYSTAL CITY,ZAVALA,TX,78839,USMS IGA,USMS IGA,Yes,0,05.01.2014,20.12.1998
,,Redacted,Redacted,Redacted,Redacted,Redacted,Redacted,ORR,ORR,No,0,09.03.2016,07.07.2013
34.29499,-83.824406,NORTH GEORGIA DETENTION CENTER,622 MAIN STREET SOUTHWEST,GAINESVILLE,HALL,GA,30501,IGSA,IGSA,Yes,0,23.03.2014,06.01.2009
,,Redacted,Redacted,Redacted,Redacted,Redacted,Redacted,ORR,ORR,No,6,04.11.2017,13.04.2005
,,Redacted,Redacted,Redacted,Redacted,Redacted,Redacted,ORR,ORR,No,0,06.04.2016,31.05.2014
39.377503,-94.793517,PLATTE COUNTY DETENTION CENTER,415 THIRD STREET,PLATTE CITY,PLATTE,MO,64079,IGSA,IGSA,Yes,21,04.11.2017,22.01.1992
,,Redacted,Redacted,Redacted,Redacted,Redacted,Redacted,ORR,ORR,No,6,04.11.2017,08.05.2014
,,Redacted,Redacted,Redacted,Redacted,Redacted,Redacted,ORR,ORR,No,3,04.11.2017,26.06.2013
30.479048,-90.095151,SAINT TAMMANY PARISH JAIL,701 NORTH COLUMBIA STREET,COVINGTON,SAINT TAMMANY,LA,70433,IGSA,IGSA,Yes,8,04.11.2017,18.04.2012
37.511563,-98.824534,BUTLER COUNTY JAIL,701 SE STONE ROAD,EL DORADO,BUTLER,KS,67042,USMS IGA,USMS IGA,Yes,8,04.11.2017,30.05.2002
43.137512,-115.672649,ELMORE COUNTY JAIL,2255 E. 8TH NORTH,MOUNTAIN HOME,ELMORE,ID,83647,USMS IGA,USMS IGA,Yes,10,04.11.2017,15.06.2009
31.793411,-106.369373,EL PASO HOLD ROOM,8915 MONTANA AVE,EL PASO,EL PASO,TX,79925,Other,HOLD,Yes,13,04.11.2017,25.11.2014
26.126087,-81.765008,COLLIER COUNTY NAPLES JAIL CENTER,3301 TAMIAMI TRAIL EAST,NAPLES,COLLIER,FL,34112,IGSA,IGSA,Yes,5,04.11.2017,17.11.1990
,,Redacted,Redacted,Redacted,Redacted,Redacted,Redacted,ORR,ORR,No,7,04.11.2017,31.05.2012
39.046323,-95.664949,SHAWNEE COUNTY DEPARTMENT OF CORRECTIONS,501 SOUTHEAST 8TH AVENUE,TOPEKA,SHAWNEE,KS,66607,IGSA,IGSA,Yes,15,04.11.2017,11.09.1998
,,Redacted,Redacted,Redacted,Redacted,Redacted,Redacted,ORR,ORR,No,0,21.12.2015,28.01.2010
,,Redacted,Redacted,Redacted,Redacted,Redacted,Redacted,ORR,ORR,No,8,04.11.2017,14.05.2014
33.750491,-118.296675,LOS ANGELES CUSTODY CASE,300 N. LOS ANGELES ST. RM B-18,SAN PEDRO,LOS ANGELES,CA,90731,Other,HOLD,Yes,1,04.11.2017,01.01.1983
36.156808,-86.7719,DAVIDSON COUNTY SHERIFF,448 2ND AVENUE,NASHVILLE,DAVIDSON,TN,37210,IGSA,IGSA,Yes,3,04.11.2017,21.05.1997
41.975308,-91.670108,LINN COUNTY JAIL,53 3RD AVENUE BRIDGE,CEDAR RAPIDS,LINN,IA,52401,USMS IGA,USMS IGA,Yes,6,04.11.2017,28.01.1994
40.438962,-99.37062,PHELPS COUNTY JAIL,715 5TH AVENUE,HOLDREGE,PHELPS,NE,68949,USMS IGA,USMS IGA,Yes,8,04.11.2017,29.02.2000
,,Redacted,Redacted,Redacted,Redacted,Redacted,Redacted,ORR,ORR,No,14,04.11.2017,06.11.1993
,,Redacted,Redacted,Redacted,Redacted,Redacted,Redacted,ORR,ORR,No,0,08.11.2016,24.12.2013
,,Redacted,Redacted,Redacted,Redacted,Redacted,Redacted,ORR,ORR,No,0,26.02.2017,09.04.2010
,,Redacted,Redacted,Redacted,Redacted,Redacted,Redacted,ORR,ORR,No,0,14.03.2017,10.06.2011
38.313321,-81.711221,SOUTH CENTRAL REGIONAL JAIL,1001 CENTRE WAY,CHARLESTON,KANAWHA,WV,25309,USMS IGA,USMS IGA,Yes,5,04.11.2017,30.08.2004
26.2002,-97.71681,HARLINGEN HOLD ROOM,1717 ZOY STREET,HARLINGEN,CAMERON,TX,78550,Other,HOLD,Yes,0,30.10.2017,15.05.2008
35.776075,-78.640376,WAKE COUNTY SHERIFF DEPARTMENT,330 SOUTH SALISBURY STREET,RALEIGH,WAKE,NC,27601,IGSA,IGSA,Yes,8,04.11.2017,23.09.2008
35.158037,-117.86201,CALIFORNIA CITY CORRECTIONAL CENTER,22844 VIRGINIA BOULEVARD,CALIFORNIA CITY,KERN,CA,93505,USMS IGA,USMS IGA,Yes,0,28.11.2013,07.03.2011
,,Redacted,Redacted,Redacted,Redacted,Redacted,Redacted,ORR,ORR,No,0,08.03.2016,11.12.2015
38.943,-105.151,TELLER COUNTY JAIL,288 WEAVERVILLE ROAD,DIVIDE,TELLER,CO,80814,IGSA,IGSA,Yes,0,01.08.2017,07.10.1998
,,Redacted,Redacted,Redacted,Redacted,Redacted,Redacted,ORR,ORR,No,24,04.11.2017,07.07.2017
41.4053,-81.498,BEDFORD HEIGHTS CITY JAIL,5661 PERKINS ROAD,BEDFORD HTS,CUYAHOGA,OH,44146,IGSA,IGSA,Yes,0,27.04.2015,31.12.1996
,,Redacted,Redacted,Redacted,Redacted,Redacted,Redacted,ORR,ORR,No,0,01.03.2017,05.06.2004
32.992938,-117.162631,SAN DIEGO DISTRICT STAGING,US INS DETENTION & DEPORTATION,SAN DIEGO,SAN DIEGO,CA,92101,Other,HOLD,Yes,1,04.11.2017,28.02.1986
,,Redacted,Redacted,Redacted,Redacted,Redacted,Redacted,ORR,ORR,No,0,06.11.2016,22.03.2004
,,Redacted,Redacted,Redacted,Redacted,Redacted,Redacted,ORR,ORR,No,21,04.11.2017,17.09.2014
42.2546,-79.5036,CHAUTAUQUA COUNTY JAIL,15 E. CHAUTAUQUA STREET,MAYVILLE,CHAUTAUQUA,NY,14757,IGSA,IGSA,Yes,2,04.11.2017,29.10.1987
37.114037,-113.43523,WASHINGTON COUNTY JAIL (PURGATORY CORRECTIONAL FAC,750 SOUTH 5400 WEST,HURRICANE,WASHINGTON,UT,84737,USMS IGA,USMS IGA,Yes,5,04.11.2017,12.02.2002
,,Redacted,Redacted,Redacted,Redacted,Redacted,Redacted,ORR,ORR,No,8,04.11.2017,13.07.2005
,,Redacted,Redacted,Redacted,Redacted,Redacted,Redacted,ORR,ORR,No,0,15.09.2015,04.06.2013
43.673343,-111.911745,JEFFERSON COUNTY JAIL,219 EAST FREMONT AVE,RIGBY,JEFFERSON,ID,83442,IGSA,IGSA,Yes,13,04.11.2017,29.03.2000
25.706054,-80.29242,LARKIN HOSPITAL,6129 SW 70TH ST,SOUTH MIAMI,MIAMI-DADE,FL,33143,Other,HOSPITAL,No,2,04.11.2017,18.03.2009
,,Redacted,Redacted,Redacted,Redacted,Redacted,Redacted,ORR,ORR,No,6,04.11.2017,06.03.2014
,,Redacted,Redacted,Redacted,Redacted,Redacted,Redacted,ORR,ORR,No,0,23.05.2017,14.08.2014
42.535299,-113.791845,MINICASSIA DETENTION CENTER,1415 ALBION AVENUE,BURLEY,CASSIA,ID,83318,IGSA,IGSA,Yes,3,04.11.2017,05.01.1992
,,Redacted,Redacted,Redacted,Redacted,Redacted,Redacted,ORR,ORR,No,4,04.11.2017,23.03.2015
42.800302,-77.816286,LIVINGSTON COUNTY JAIL,4 COURT STREET,GENESEO,LIVINGSTON,NY,14454,USMS IGA,USMS IGA,Yes,10,04.11.2017,22.11.1996
,,Redacted,Redacted,Redacted,Redacted,Redacted,Redacted,ORR,ORR,No,0,22.02.2016,11.12.2015
42.314031,-83.202528,DEARBORN POLICE DEPARTMENT,16099 MICHIGAN AVE,DEARBORN,WAYNE,MI,48126,IGSA,IGSA,Yes,4,04.11.2017,19.03.1991
,,Redacted,Redacted,Redacted,Redacted,Redacted,Redacted,ORR,ORR,No,12,04.11.2017,29.08.2017
,,Redacted,Redacted,Redacted,Redacted,Redacted,Redacted,ORR,ORR,No,0,01.03.2017,19.09.2014
33.899167,-84.574089,COBB COUNTY JAIL,1825 COUNTY SERVICES PARKWAY,MARIETTA,COBB,GA,30060,IGSA,IGSA,Yes,0,04.11.2017,15.02.2005
,,Redacted,Redacted,Redacted,Redacted,Redacted,Redacted,ORR,ORR,No,1,04.11.2017,25.03.2014
,,Redacted,Redacted,Redacted,Redacted,Redacted,Redacted,ORR,ORR,No,0,17.09.2015,22.08.2014
,,Redacted,Redacted,Redacted,Redacted,Redacted,Redacted,ORR,ORR,No,4,04.11.2017,17.07.2017
33.397131,-111.787678,AZ REM OP COORD CENTER (AROCC),UNAVAILABLE,MESA,MARICOPA,AZ,85204,Other,HOLD,Yes,0,31.10.2017,24.01.2010
42.124846,-80.065922,ERIE COUNTY JAIL,1618 ASH STREET,ERIE,ERIE,PA,16503,USMS IGA,USMS IGA,Yes,2,04.11.2017,17.10.1995
42.438415,-123.31303,JOSEPHINE COUNTY JAIL,1901 NORTHEAST F STREET,GRANTS PASS,JOSEPHINE,OR,97526,USMS IGA,USMS IGA,Yes,0,31.10.2017,19.12.1995
28.503803,-81.417343,ORANGE COUNTY JAIL,3855 SOUTH JOHN YOUNG PARKWAY,ORLANDO,ORANGE,FL,32839,USMS IGA,USMS IGA,Yes,1,04.11.2017,05.02.1996
32.777405,-96.811278,DALLAS COUNTY JAIL - LEW STERRETT JUSTICE CENTER,111 WEST COMMERCE STREET,DALLAS,DALLAS,TX,75202,USMS IGA,USMS IGA,Yes,0,04.11.2017,07.05.1990
30.884394,-87.774802,BALDWIN COUNTY CORRECTIONAL CENTER,200 HAND AVE.,BAY MINETTE,BALDWIN,AL,36507,IGSA,IGSA,Yes,1,04.11.2017,20.04.2011
36.923376,-89.351612,MISSISSIPPI COUNTY DETENTION CENTER,200 WEST COMMERCIAL STREET,CHARLESTON,MISSISSIPPI,MO,63834,IGSA,IGSA,Yes,0,25.03.2015,24.11.1999
40.728432,-74.005437,VARICK STREET DETENTION CENTER,201 VARICK STREET,NEW YORK,NEW YORK,NY,10014,Other,HOLD,Yes,1,02.11.2017,01.01.1983
35.314888,-82.456493,HENDERSON COUNTY DETENTION FACILITY,375 1ST AVENUE EAST,HENDERSONVILLE,HENDERSON,NC,28792,IGSA,IGSA,Yes,0,29.12.2014,19.09.2008
,,Redacted,Redacted,Redacted,Redacted,Redacted,Redacted,ORR,ORR,No,0,25.09.2017,25.09.2005
45.146926,-95.015943,KANDIYOHI COUNTY JAIL,2201 23RD ST NE,WILLMAR,KANDIYOHI,MN,56201,IGSA,IGSA,Yes,18,04.11.2017,13.03.1992
,,Redacted,Redacted,Redacted,Redacted,Redacted,Redacted,ORR,ORR,No,0,09.10.2016,19.06.2014
,,Redacted,Redacted,Redacted,Redacted,Redacted,Redacted,ORR,ORR,No,0,12.02.2017,18.12.2015
,,Redacted,Redacted,Redacted,Redacted,Redacted,Redacted,ORR,ORR,No,0,16.01.2016,12.12.2015
,,Redacted,Redacted,Redacted,Redacted,Redacted,Redacted,ORR,ORR,No,4,04.11.2017,30.04.2014
,,Redacted,Redacted,Redacted,Redacted,Redacted,Redacted,ORR,ORR,No,2,04.11.2017,24.07.2014
34.239761,-83.812894,HALL COUNTY JAIL,1700 BARBER ROAD,GAINESVILLE,HALL,GA,30507,USMS IGA,USMS IGA,Yes,1,04.11.2017,27.06.1995
46.618026,-120.557401,YAKIMA HOLDING ROOM,3701 RIVER ROAD,YAKIMA,YAKIMA,WA,98902,Other,HOLD,Yes,18,04.11.2017,17.06.2010
35.314926,-80.841085,MECKLENBURG COUNTY DETENTION CENTER NORTH,5234 SPECTOR DRIVE,CHARLOTTE,MECKLENBURG,NC,28202,USMS IGA,USMS IGA,Yes,5,04.11.2017,15.03.1988
40.629134,-80.239164,BEAVER COUNTY JAIL,6000 WOODLAWN BOULEVARD,ALIQUIPPA,BEAVER,PA,15001,USMS IGA,USMS IGA,Yes,6,04.11.2017,28.08.2017
42.860765,-77.922265,SAN JUAN STAGING,"651 FEDERAL DRIVE, SUITE 104",GUAYNABO,GUAYNABO,PR,965,Other,STAGING,Yes,0,17.09.2017,30.09.2013
,,Redacted,Redacted,Redacted,Redacted,Redacted,Redacted,ORR,ORR,No,9,04.11.2017,28.06.2017
,,Redacted,Redacted,Redacted,Redacted,Redacted,Redacted,ORR,ORR,No,0,17.09.2015,19.09.2014
40.192202,-75.914124,ABRAXAS ACADEMY DETENTION CENTER,1000 ACADEMY DRIVE,MORGANTOWN,BERKS,PA,19543,IGSA,JUVENILE,Yes,2,04.11.2017,23.05.2014
26.17454,-97.671642,VALLEY BAPTIST HOSPITAL,2101 PEASE ST,HARLINGEN,CAMERON,TX,78550,Other,HOSPITAL,No,2,04.11.2017,05.03.1997
45.569644,-122.656146,CUMBERLAND COUNTY JAIL,50 COUNTY WAY,PORTLAND,CUMBERLAND,ME,4102,USMS IGA,USMS IGA,Yes,5,04.11.2017,26.05.1993
33.979416,-81.249212,LEXINGTON COUNTY JAIL,521 GIBSON ROAD,LEXINGTON,LEXINGTON,SC,29072,USMS IGA,USMS IGA,Yes,0,01.11.2017,07.12.2010
32.774403,-117.044583,ALVARADO PARKWAY INSTITUTE,7050 PARKWAY DR,LA MESA,SAN DIEGO,CA,91942,Other,HOSPITAL,No,4,04.11.2017,27.02.2015
35.380213,-94.412793,SEBASTIAN COUNTY DETENTION CENTER,801 SOUTH A STREET,FORT SMITH,SEBASTIAN,AR,72901,USMS IGA,USMS IGA,Yes,3,04.11.2017,07.01.1998
34.792984,-84.984353,WHITFIELD COUNTY JAIL,805 PROFESSIONAL BLVD,DALTON,WHITFIELD,GA,30720,IGSA,IGSA,Yes,0,02.11.2017,18.09.2010
35.118718,-101.866022,RANDALL COUNTY JAIL,9100 SOUTH GEORGIA STREET,AMARILLO,RANDALL,TX,79118,USMS IGA,USMS IGA,Yes,1,04.11.2017,01.05.2007
,,Redacted,Redacted,Redacted,Redacted,Redacted,Redacted,ORR,ORR,No,0,15.09.2015,13.06.2014
,,Redacted,Redacted,Redacted,Redacted,Redacted,Redacted,ORR,ORR,No,0,27.09.2015,04.09.2014
25.779298,-80.198739,MIAMI STAGING FACILITY,UNAVAILABLE,MIAMI,MIAMI-DADE,FL,33101,Other,HOLD,Yes,0,01.11.2017,03.01.2010
31.352978,-110.968339,NOGALES PROCESSING CENTER,1500 W LA QUINTA AVE,NOGALES,SANTA CRUZ,AZ,85621,MIRP,MIRP,No,0,17.07.2014,17.10.2007
25.884069,-80.32399,PALMETTO HOSPITAL,2001 W. 68TH ST.,HIALEAH,MIAMI-DADE,FL,33016,Other,HOSPITAL,No,3,04.11.2017,21.10.2000
43.0676,-77.0322,WAYNE COUNTY JAIL,7368 STATE ROUTE 31,LYONS,WAYNE,NY,14489,USMS IGA,USMS IGA,Yes,0,01.03.2017,20.01.1995
,,Redacted,Redacted,Redacted,Redacted,Redacted,Redacted,ORR,ORR,No,0,18.01.2016,15.08.2012
,,Redacted,Redacted,Redacted,Redacted,Redacted,Redacted,ORR,ORR,No,0,31.08.2015,30.05.2014
37.182698,-93.329985,SPRINGFIELD FEDERAL MEDICAL CENTER,1900 W. SUNSHINE,SPRINGFIELD,GREENE,MO,65808,BOP,BOP,No,0,12.03.2017,15.06.1980
46.557707,-92.185075,NORFOLK COUNTY JAIL,200 WEST STREET,DEDHAM,NORFOLK,MA,2026,USMS IGA,USMS IGA,Yes,0,04.01.2015,17.07.1980
26.328357,-98.146248,HIDALGO COUNTY JAIL,3100 SOUTH HWY 281,EDINBURG,HIDALGO,TX,78539,IGSA,IGSA,Yes,0,25.10.2017,08.08.1988
47.466367,-111.382141,CASCADE COUNTY JAIL (MONTANA),3800 ULM NORTH FRONTAGE ROAD,GREAT FALLS,CASCADE,MT,59404,USMS IGA,USMS IGA,Yes,1,04.11.2017,18.01.1991
30.7454,-98.2461,BURNET COUNTY JAIL,JAIL ADMINISTRATOR,BURNET,BURNET,TX,78611,IGSA,IGSA,Yes,0,04.11.2017,28.05.1998
,,Redacted,Redacted,Redacted,Redacted,Redacted,Redacted,ORR,ORR,No,0,25.02.2016,25.01.2016
,,Redacted,Redacted,Redacted,Redacted,Redacted,Redacted,ORR,ORR,No,12,04.11.2017,07.07.2017
25.72894,-80.423682,COLUMBIA KENDAL HOSPITAL,11750 S.W. BIRD RD.,MIAMI,MIAMI-DADE,FL,33175,Other,HOSPITAL,No,0,18.10.2017,29.01.1997
27.902832,-82.700558,PINELLAS COUNTY JAIL,14400 49TH STREET NORTH,CLEARWATER,PINELLAS,FL,33762,USMS IGA,USMS IGA,Yes,2,04.11.2017,01.10.1998
42.415858,-96.418686,DAKOTA COUNTY JAIL,1601 BROADWAY,DAKOTA CITY,DAKOTA,NE,68731,USMS IGA,USMS IGA,Yes,2,04.11.2017,21.11.1994
36.096377,-80.242798,FORSYTH COUNTY JAIL,201 NORTH CHURCH STREET,WINSTON-SALEM,FORSYTH,NC,27101,USMS IGA,USMS IGA,Yes,3,04.11.2017,22.03.2000
34.78384,-91.901281,LONOKE POLICE DEPARTMENT,203 W. FRONT STREET,LONOKE,LONOKE,AR,72086,IGSA,IGSA,Yes,1,04.11.2017,12.03.2002
37.491108,-86.25848,GRAYSON COUNTY JAIL,320 SHAW STATION ROAD,LEITCHFIELD,GRAYSON,KY,42754,USMS IGA,USMS IGA,Yes,1,04.11.2017,16.12.1999
39.766176,-86.152759,MARION COUNTY JAIL,40 SOUTH ALABAMA STREET,INDIANAPOLIS,MARION,IN,46204,USMS IGA,USMS IGA,Yes,1,04.11.2017,22.12.1993
26.255523,-97.667502,HARLINGEN MEDICAL CENTER,5501 S EXPRESSWAY 71,HARLINGEN,CAMERON,TX,78550,Other,HOSPITAL,No,1,04.11.2017,20.03.1989
38.582708,-121.497752,SACRAMENTO COUNTY JAIL,651 I STREET,SACRAMENTO,SACRAMENTO,CA,95814,USMS IGA,USMS IGA,Yes,0,31.07.2017,20.05.1997
39.390236,-87.469635,TERRE HAUTE USP,HIGHWAY 63 SOUTH,TERRE HAUTE,VIGO,IN,47808,BOP,BOP,No,0,23.08.2017,18.06.1980
32.719419,-117.144947,SAN DIEGO MCC,METROPOLITAN CORRECTIONAL CENTER,SAN DIEGO,SAN DIEGO,CA,92101,BOP,BOP,No,0,09.04.2017,01.05.1985
,,Redacted,Redacted,Redacted,Redacted,Redacted,Redacted,ORR,ORR,No,0,27.04.2015,03.07.2009
,,Redacted,Redacted,Redacted,Redacted,Redacted,Redacted,ORR,ORR,No,7,04.11.2017,07.07.2017
,,Redacted,Redacted,Redacted,Redacted,Redacted,Redacted,ORR,ORR,No,0,14.09.2015,18.09.2014
26.07174,-97.47637,LOS FRESNOS HOLD ROOM,UNAVAILABLE,LOS FRESNOS,CAMERON,TX,78566,Other,HOLD,Yes,0,15.03.2016,12.06.2000
41.50876,-90.581441,ROCK ISLAND COUNTY CORRECTIONAL CENTER,1317 3RD AVENUE,ROCK ISLAND,ROCK ISLAND,IL,61201,USMS IGA,USMS IGA,Yes,0,03.11.2017,18.11.1998
45.061416,-92.84736,WASHINGTON COUNTY JAIL,14900 NORTH 612ST. STREET,STILLWATER,WASHINGTON,MN,55082,USMS IGA,USMS IGA,Yes,12,04.11.2017,16.02.1997
34.527854,-117.292586,VICTOR VALLEY GLOBAL MED CENTER,15248 ELEVENTH STREET,VICTORVILLE,COUNTY,CA,92395,Other,HOSPITAL,No,1,04.11.2017,19.06.2014
38.797965,-77.065734,ALEXANDRIA CITY JAIL,2003 MILL ROAD,ALEXANDRIA,ALEXANDRIA CITY,VA,22314,USMS IGA,USMS IGA,Yes,0,31.10.2017,28.11.1989
32.381483,-86.298272,MONTGOMERY CITY JAIL,320 NORTH RIPLEY STREET,MONTGOMERY,MONTGOMERY,AL,36104,IGSA,IGSA,Yes,0,02.11.2017,26.05.2011
37.271404,-79.947114,ROANOKE CITY JAIL,340 CAMPBELL AVENUE SOUTHWEST,ROANOKE,ROANOKE,VA,24016,IGSA,IGSA,Yes,1,04.11.2017,25.11.2008
39.912078,-75.517617,DELAWARE CO JAIL (GEORGE W. HILL),500 CHAYNEY ROAD,THORNTON,DELAWARE,PA,19373,USMS IGA,USMS IGA,Yes,0,04.11.2017,15.07.2015
32.637385,-117.090914,SAN DIEGO AREA HOSPITAL,751 MED. CENTER CT,CHULA VISTA,SAN DIEGO,CA,91911,Other,HOSPITAL,No,0,24.08.2016,10.10.2007
,,Redacted,Redacted,Redacted,Redacted,Redacted,Redacted,ORR,ORR,No,0,19.01.2016,12.12.2015
,,Redacted,Redacted,Redacted,Redacted,Redacted,Redacted,ORR,ORR,No,0,10.01.2017,21.07.2014
,,Redacted,Redacted,Redacted,Redacted,Redacted,Redacted,ORR,ORR,No,0,27.09.2015,19.05.2015
,,Redacted,Redacted,Redacted,Redacted,Redacted,Redacted,ORR,ORR,No,0,31.03.2016,04.09.2014
,,Redacted,Redacted,Redacted,Redacted,Redacted,Redacted,ORR,ORR,No,1,04.11.2017,23.12.2015
38.407364,-85.379567,OLDHAM COUNTY JAIL,100 W MAIN STREET,LA GRANGE,OLDHAM,KY,40031,IGSA,IGSA,Yes,0,02.11.2017,23.12.1997
33.82028,-117.908929,ANAHEIM GLOBAL MEDICAL CENTER,1025 S ANAHEIM BLVD,ANAHEIM,ORANGE,CA,92805,Other,HOSPITAL,No,4,04.11.2017,14.07.2015
34.148556,-114.28464,LA PAZ COUNTY ADULT DETENTION FACILITY,1109 ARIZONA AVE.,PARKER,LA PAZ,AZ,85344,USMS IGA,USMS IGA,Yes,0,24.10.2017,23.08.2005
42.03956,-88.283999,ELGIN POLICE DEPARTMENT,151 DOUGLAS AVENUE,ELGIN,KANE,IL,60120,IGSA,IGSA,Yes,0,31.08.2017,15.05.1992
46.142525,-122.917403,COWLITZ COUNTY JUVENILE,1725 1ST AVE.,LONGVIEW,COWLITZ,WA,98632,IGSA,JUVENILE,Yes,3,04.11.2017,02.10.2007
34.740559,-97.221365,GARVIN COUNTY DETENTION CENTER,201 WEST GRANT AVENUE,PAULS VALLEY,GARVIN,OK,73075,IGSA,IGSA,Yes,0,29.10.2017,04.03.1993
45.608888,-121.203622,NORTHERN OREGON JUVENILE DETENTION,211 WEBBER STREET,THE DALLES,WASCO,OR,97058,IGSA,JUVENILE,Yes,1,04.11.2017,15.12.1999
33.399902,-94.02264,MILLER COUNTY JAIL,2300 EAST STREET,TEXARKANA,MILLER,AR,71854,USMS IGA,USMS IGA,Yes,0,02.11.2017,16.07.2003
29.39471,-100.899887,DEL RIO HOLD ROOM,2401 DODSON AVENUE,DEL RIO,VAL VERDE,TX,78840,Other,HOLD,Yes,0,30.10.2017,01.07.2013
25.732962,-80.383242,COMFORT SUITES HOTEL,3901 SW 117TH AVE.,MIAMI,MIAMI-DADE,FL,33175,Other,Other,Yes,0,18.10.2017,21.01.2000
40.155929,-75.411748,MONTGOMERY COUNTY CORRECTIONAL FACILITY,60 EAGLEVILLE ROAD,NORRISTOWN,MONTGOMERY,PA,19403,USMS IGA,USMS IGA,Yes,0,13.07.2015,16.03.1987
33.756583,-84.389354,ATLANTA DISTRICT HOLD ROOM,"77 FORSYTH ST., SW.",ATLANTA,FULTON,GA,30303,Other,HOLD,Yes,1,04.11.2017,30.03.2000
29.522121,-98.391956,SAN ANTONIO DRO HOLD ROOM,8940 FOURWINDS DRIVE,SAN ANTONIO,BEXAR,TX,78239,Other,HOLD,Yes,0,04.10.2017,23.03.2010
40.435595,-79.99479,ALLEGHENY COUNTY JAIL,950 SECOND AVENUE,PITTSBURGH,ALLEGHENY,PA,15219,USMS IGA,USMS IGA,Yes,0,30.09.2014,02.04.1987
,,Redacted,Redacted,Redacted,Redacted,Redacted,Redacted,ORR,ORR,No,0,18.11.2015,26.10.2006
,,Redacted,Redacted,Redacted,Redacted,Redacted,Redacted,ORR,ORR,No,0,06.10.2016,16.06.2014
,,Redacted,Redacted,Redacted,Redacted,Redacted,Redacted,ORR,ORR,No,0,28.09.2015,18.09.2014
,,Redacted,Redacted,Redacted,Redacted,Redacted,Redacted,ORR,ORR,No,0,28.08.2015,01.05.2015
42.009881,-93.441871,STORY COUNTY JAIL,1315 SOUTH B AVENUE,NEVADA,STORY,IA,50201,USMS IGA,USMS IGA,Yes,4,04.11.2017,29.10.1998
42.88444,-77.213538,ONTARIO COUNTY JAIL,3045 COUNTY COMPLEX DRIVE,CANANDAIGUA,ONTARIO,NY,14424,USMS IGA,USMS IGA,Yes,0,14.05.2015,25.02.1988
41.567503,-75.408393,USP CANAAN,3057 EASTON TURNPIKE,WAYMART,WAYNE,PA,18472,BOP,BOP,No,0,22.10.2017,02.09.2009
32.655916,-114.612156,YUMA HOLDROOM,3911 S. PICO AVE.,YUMA,YUMA,AZ,85365,Other,HOLD,Yes,4,04.11.2017,07.04.2008
34.329932,-77.887477,NEW HANOVER COUNTY JAIL,3950 JUVENILE RD,CASTLE HAYNE,NEW HANOVER,NC,28429,IGSA,IGSA,Yes,0,02.11.2017,05.06.2012
42.871214,-97.393709,YANKTON COUNTY JAIL,410 WALNUT STREET,YANKTON,YANKTON,SD,57078,USMS IGA,USMS IGA,Yes,0,02.11.2017,25.04.1995
26.18407,-80.118515,ATLANTIC SHORES HOSPITAL,4545 NORTH FEDERAL HIGHWAY,FORT LAUDERDALE,BROWARD,FL,33308,Other,HOSPITAL,No,0,08.05.2017,01.12.2010
38.064797,-84.547314,FAYETTE COUNTY DETENTION CENTER,600 OLD FRANKFORD CR,LEXINGTON,FAYETTE,KY,40510,USMS IGA,USMS IGA,Yes,0,04.11.2017,05.09.1992
37.796455,-122.401714,SFR HOLD ROOM,630 SANSOME ST.,SAN FRANCISCO,SAN FRANCISCO,CA,94111,Other,HOLD,Yes,0,16.10.2017,15.03.2008
34.100777,-117.297532,SAN BERNADINO HOLD ROOM,655 WEST RIALTO AVENUE,SAN BERNADINO,SAN BERNARDINO,CA,92410,Other,HOLD,Yes,2,03.11.2017,06.11.2008
36.732647,-119.785212,FRESNO HOLDROOM,733 L STREET,FRESNO,FRESNO,CA,93721,Other,HOLD,Yes,5,04.11.2017,14.07.2006
32.659732,-117.109774,BEST WESTERN MARINA,800 BAY MARINA DR,NATIONAL CITY,SAN DIEGO,CA,91950,Other,Other,Yes,0,05.02.2017,16.01.2017
35.373308,-119.010636,BAKERFIELD HOLD,800 TRUXTUN,BAKERSFIELD,SUMMIT,CA,93301,Other,HOLD,Yes,0,03.11.2017,11.02.2008
32.82514,-96.87117,DALLAS FIELD OFFICE HOLD ROOM,8101 N STEMMONS FWY,DALLAS,DALLAS,TX,75247,Other,HOLD,Yes,0,25.09.2017,26.02.1997
33.58543,-101.843295,LUBBOCK COUNTY DETENTION CENTER,811 MAIN STREET,LUBBOCK,LUBBOCK,TX,79401,USMS IGA,USMS IGA,Yes,0,30.10.2017,02.01.2007
45.847792,-122.819709,COLUMBIA COUNTY JAIL,901 PORT AVENUE,SAINT HELENS,COLUMBIA,OR,97051,USMS IGA,USMS IGA,Yes,0,24.04.2014,19.07.1991
,,Redacted,Redacted,Redacted,Redacted,Redacted,Redacted,ORR,ORR,No,0,10.07.2015,03.10.2014
,,Redacted,Redacted,Redacted,Redacted,Redacted,Redacted,ORR,ORR,No,0,29.09.2015,10.06.2015
,,Redacted,Redacted,Redacted,Redacted,Redacted,Redacted,ORR,ORR,No,0,30.03.2016,28.05.2015
,,Redacted,Redacted,Redacted,Redacted,Redacted,Redacted,ORR,ORR,No,3,04.11.2017,14.06.2017
38.018321,-122.133084,CONTRA COSTA COUNTY JAIL,1000 WARD STREET,MARTINEZ,CONTRA COSTA,CA,94553,USMS IGA,USMS IGA,Yes,0,30.10.2017,06.04.2010
33.752819,-117.8342,WESTERN MEDICAL CENTER,1001 N. TUSTIN AVENUE,SANTA ANA,ORANGE,CA,92705,Other,HOSPITAL,No,0,24.06.2015,15.01.2009
38.843485,-77.310997,FAIRFAX COUNTY ADULT DETENTION CENTER,10520 JUDICIAL DRIVE,FAIRFAX,FAIRFAX,VA,22030,IGSA,IGSA,Yes,0,02.11.2017,17.10.2003
61.218718,-149.857357,ANCHORAGE CORRECTIONAL COMPLEX,1400 E. 4TH AVE,ANCHORAGE,ANCHORAGE,AK,99501,USMS IGA,USMS IGA,Yes,1,04.11.2017,10.07.1988
39.256226,-76.683357,BALTIMORE DD&P,1530 CATON CENTER DRIVE,BALTIMORE,BALTIMORE,MD,21227,Other,HOLD,Yes,0,29.10.2017,01.07.2001
34.470995,-117.295979,DESERT VALLEY HOSPITAL,16850 BEAR VALLEY ROAD,VICTORVILLE,COUNTY,CA,92395,Other,HOSPITAL,No,0,27.12.2016,11.06.2014
35.052729,-106.62981,ALBUQUERQUE HOLD ROOM,1720 RANDOLPH ROAD,ALBUQUERQUE,BERNALILLO,NM,87106,Other,HOLD,Yes,0,24.10.2017,26.05.2009
29.4236,-98.4973,CENTRAL TEXAS DETENTION FACILITY,218 S. LAREDO ST,SAN ANTONIO,BEXAR,TX,78207,USMS IGA,USMS IGA,Yes,0,24.10.2017,07.04.1997
38.449523,-78.870586,ROCKINGHAM COUNTY JAIL,25 SOUTH LIBERTY STREET,HARRISONBURG,HARRISONBURG CITY,VA,22801,USMS IGA,USMS IGA,Yes,1,04.11.2017,13.11.1989
34.221353,-119.064598,VENTURA CUSTODY CASE,275 SKYWAY DRIVE,CAMARRILLO,VENTURA,CA,93010,Other,HOLD,Yes,0,03.11.2017,09.05.2001
44.078943,-103.220827,PENNINGTON COUNTY JAIL (SOUTH DAKOTA),307 SAINT JOSEPH STREET,RAPID CITY,PENNINGTON,SD,57701,USMS IGA,USMS IGA,Yes,0,02.11.2017,14.06.1994
33.883511,-118.122249,SANTA ANA DRO HOLDROOM,34 CIVIC CENTER PLAZA,SANTA ANA,ORANGE,CA,90701,Other,HOLD,Yes,0,05.06.2017,01.11.2007
40.6969,-111.916848,SALT LAKE COUNTY METRO JAIL,3415 SOUTH 900 WEST,SALT LAKE CITY,SALT LAKE,UT,84119,USMS IGA,USMS IGA,Yes,0,29.10.2017,02.03.1993
40.529678,-112.298459,TOOELE COUNTY JAIL,47 SOUTH MAIN STREET,TOOELE,TOOELE,UT,84074,USMS IGA,USMS IGA,Yes,2,04.11.2017,08.10.1996
39.198512,-76.595995,ANNE ARUNDEL COUNTY ORDNANCE ROAD CORRECTIONAL CTR,600 E. ORDNANCE ROAD,GLEN BURNIE,ANNE ARUNDEL,MD,21060,IGSA,IGSA,Yes,20,04.11.2017,30.10.2017
36.846646,-76.284427,NORFOLK CITY JAIL,811 EAST CITY HALL AVENUE,NORFOLK,NORFOLK CITY,VA,23510,USMS IGA,USMS IGA,Yes,1,04.11.2017,11.08.2006
,,Redacted,Redacted,Redacted,Redacted,Redacted,Redacted,ORR,ORR,No,0,30.08.2016,01.03.2000
,,Redacted,Redacted,Redacted,Redacted,Redacted,Redacted,ORR,ORR,No,0,12.10.2017,26.10.2015
,,Redacted,Redacted,Redacted,Redacted,Redacted,Redacted,ORR,ORR,No,0,14.01.2015,06.08.2014
,,Redacted,Redacted,Redacted,Redacted,Redacted,Redacted,ORR,ORR,No,0,07.01.2016,28.05.2014
,,Redacted,Redacted,Redacted,Redacted,Redacted,Redacted,ORR,ORR,No,0,28.08.2015,29.08.2014
,,Redacted,Redacted,Redacted,Redacted,Redacted,Redacted,ORR,ORR,No,0,21.10.2015,31.03.2015
,,Redacted,Redacted,Redacted,Redacted,Redacted,Redacted,ORR,ORR,No,2,04.11.2017,17.08.2017
39.800698,-89.648801,SANGAMON COUNTY JAIL,1 SHERIFFS PLAZA,SPRINGFIELD,SANGAMON,IL,62701,USMS IGA,USMS IGA,Yes,0,17.10.2017,13.04.1989
41.914269,-83.397637,MONROE COUNTY DETENTION MAIN,100 EAST 2ND STREET,MONROE,MONROE,MI,48161,IGSA,IGSA,Yes,1,13.09.2017,08.11.2013
38.447049,-105.18323,FREMONT COUNTY JAIL (COLORADO),100 JUSTICE CENTER ROAD,CANON CITY,FREMONT,CO,81212,IGSA,IGSA,Yes,0,23.04.2014,24.10.1990
42.862339,-106.34474,NATRONA COUNTY JAIL,1100 BRUCE LANE,CASPER,NATRONA,WY,82601,USMS IGA,USMS IGA,Yes,0,31.10.2017,03.12.1991
42.726811,-92.465645,BREMER COUNTY JAIL,111 4TH STREET NE,WAVERLY,BREMER,IA,50677,USMS IGA,USMS IGA,Yes,0,04.10.2017,14.05.1997
31.803547,-106.288678,ICE EL PASO HOLD ROOM,11541 MONTANA AVE,EL PASO,EL PASO,TX,79936,Other,HOLD,Yes,0,22.10.2017,05.07.2016
39.633469,-75.35897,SALEM COUNTY CORRECTIONAL FACILITY,125 CEMETERY ROAD,WOODSTOWN,COUNTY,NJ,80898,USMS IGA,USMS IGA,Yes,2,04.11.2017,09.05.1986
32.199578,-110.991776,PIMA COUNTY JAIL,1270 WEST SILVERLAKE ROAD,TUCSON,PIMA,AZ,85713,IGSA,IGSA,Yes,1,04.11.2017,10.12.1992
48.822493,-122.55926,BELLINGHAM BPS ERO HOLDROOM,1431 SUNSET AVE,FERNDALE,WHATCOM,WA,98248,Other,HOLD,Yes,1,04.11.2017,14.09.2017
38.351116,-98.186208,RICE COUNTY DETENTION CENTER,1482 WEST UNITED STATES HIGHWAY 56,LYONS,RICE,KS,67554,IGSA,IGSA,Yes,0,14.10.2013,23.06.2006
25.925868,-80.153735,MIAMI DISTRICT,15665 BISCAYNE BOULEVARD,MIAMI,MIAMI-DADE,FL,33160,Other,HOLD,Yes,2,04.11.2017,13.08.2004
39.960012,-75.165295,PHILADELPHIA DISTRICT OFFICE HOLD ROOM,1600 CALLOWHILL ST,PHILADELPHIA,PHILADELPHIA,PA,19130,Other,HOLD,Yes,0,28.09.2017,16.06.1980
32.306066,-106.805269,DONA ANA COUNTY DETENTION CENTER,1850 COPPER LOOP,LAS CRUCES,DONA ANA,NM,88004,IGSA,IGSA,Yes,0,05.02.2017,08.05.2001
38.812429,-77.137157,NORTHERN VIRGINIA JUVENILE DETENTION CENTER,200 SOUTH WHITING STREET,ALEXANDRIA,COUNTY,VA,22304,IGSA,JUVENILE,Yes,0,25.09.2017,09.07.2015
33.446059,-112.078918,MARICOPA COUNTY JAIL,201 SOUTH 4TH AVENUE,PHOENIX,MARICOPA,AZ,85003,USMS IGA,USMS IGA,Yes,0,12.09.2012,03.10.2007
37.101109,-89.563425,SCOTT COUNTY JAIL,211 S. NEW MADRID ST.,BENTON,SCOTT,MO,63786,IGSA,IGSA,Yes,0,31.03.2014,03.12.2009
38.880675,-77.229338,WASHINGTON FIELD OFFICE,2675 PROSPERITY AVE.,FAIRFAX,FAIRFAX,VA,22031,Other,HOLD,Yes,0,20.10.2017,07.02.2005
36.802454,-76.378418,HAMPTON ROADS REGIONAL JAIL,2690 ELMHURST LANE,PORTSMOUTH,PORTSMOUTH CITY,VA,23701,USMS IGA,USMS IGA,Yes,0,10.03.2014,16.06.2000
29.711648,-95.377664,HARRIS COUNTY PSYCHIATRIC CENTER,2800 S MACGREGOR WAY,HOUSTON,HARRIS,TX,77021,Other,HOSPITAL,No,1,04.11.2017,19.10.2016
13.444257,144.786297,DEPARTMENT OF CORRECTIONS - MANGILAO,3 MASHBURN LANE,MANGILAO,GUAM,GU,96913,IGSA,IGSA,Yes,1,04.11.2017,23.01.1995
44.854147,-73.133491,NORTHWEST STATE CORRECTIONAL CENTER,3649 LOWER NEWTON ROAD,SWANTON,FRANKLIN,VT,5488,USMS IGA,USMS IGA,Yes,0,02.11.2017,09.03.2004
34.075462,-117.352921,ARROWHEAD REGIONAL MED CENTER,400 N. PEPPER AVENUE,COLTON,COUNTY,CA,92324,Other,HOSPITAL,No,0,26.10.2017,11.06.2014
32.574785,-116.919093,SAN DIEGO COUNTY JAIL,446 ALTA ROAD,SAN DIEGO,SAN DIEGO,CA,92158,IGSA,IGSA,Yes,0,17.05.2016,11.11.2008
39.783559,-104.848808,DENVER HOLD ROOM,4730 PARIS ST.,DENVER,DENVER,CO,80239,Other,HOLD,Yes,1,01.11.2017,07.10.2007
33.749284,-117.876573,ORANGE COUNTY INTAKE RELEASE FACILITY,550 NORTH FLOWER STREET,SANTA ANA,ORANGE,CA,92703,IGSA,IGSA,Yes,2,04.11.2017,05.11.2010
29.95204,-95.312044,HOUSTON FIELD OFFICE HOLD ROOM,5520 GREENS RD.,HOUSTON,HARRIS,TX,77032,Other,HOLD,Yes,1,04.11.2017,17.11.1994
42.372992,-83.018564,SAMARITAN BEHAVIORAL CENTER,"5555 CONNER AVENUE, SUITE 3 NORTH",DETROIT,COUNTY,MI,48213,Other,HOSPITAL,No,1,04.11.2017,27.03.2013
29.651068,-95.481224,HOPEBRIDGE HOSPITAL,5556 GASSMER DR.,HOUSTON,HARRIS,TX,77035,Other,HOSPITAL,No,0,14.05.2017,08.05.2015
32.135369,-110.926045,TUCSON INS HOLD ROOM,6431 SOUTH COUNTRY CLUB ROAD,TUCSON,PIMA,AZ,85706,Other,HOLD,Yes,0,01.11.2017,01.10.1985
38.517373,-84.661668,SAN JUAN STAGING FACILITY,"7 TABONUCO ST., SUITE 100",GUAYNABO,GUAYNABO,PR,968,Other,STAGING,Yes,0,23.09.2017,20.04.1990
42.973911,-85.629885,KENT COUNTY JAIL,701 BALL AVENUE NORTHEAST,GRAND RAPIDS,KENT,MI,49503,IGSA,IGSA,Yes,0,04.11.2017,11.09.1991
28.442793,-99.236278,LASALLE COUNTY JAIL,703 N MAIN STREET,COTULLA,LA SALLE,TX,78014,Other,Other,Yes,0,30.03.2014,09.12.1993
40.506805,-107.558376,MOFFAT COUNTY JAIL,800 WEST 1ST STREET,CRAIG,MOFFAT,CO,81625,IGSA,IGSA,Yes,1,04.11.2017,12.12.1991
42.055299,-104.95254,PLATTE COUNTY JAIL,850 MAPLE STREET,WHEATLAND,PLATTE,WY,82201,USMS IGA,USMS IGA,Yes,3,04.11.2017,04.04.2000
31.793411,-106.369373,EL PASO JUVENILE,8915 MONTANA ST.,EL PASO,EL PASO,TX,79925,Other,HOLD,Yes,1,04.11.2017,27.10.1998
39.671492,-75.714329,NEW/INS OS HOLD ROOM,970 BROAD STREET,NEWARK,ESSEX,NJ,7102,Other,HOLD,Yes,0,20.10.2017,01.01.1988
26.204563,-98.270145,"US MARSHALS (SOUTH DISTRICT, TEXAS)","BENTSEN TOWER, 1701 W BUS HWY 83",MCALLEN,HIDALGO,TX,78501,USMS IGA,USMS IGA,Yes,0,02.05.2016,26.06.2005
41.528728,-73.363545,BRIDGEWATER STATE HOSPITAL,BRIDGEWATER STATE HOSPITAL,BRIDGEWATER,PLYMOUTH,MA,2324,Other,HOSPITAL,No,0,11.06.2015,09.11.2000
,,Redacted,Redacted,Redacted,Redacted,Redacted,Redacted,ORR,ORR,No,0,22.12.2016,21.04.2008
,,Redacted,Redacted,Redacted,Redacted,Redacted,Redacted,ORR,ORR,No,0,17.08.2015,03.07.2015
